<?xml version="1.0" encoding="UTF-8"?>
<services xmlns="http://www.demandware.com/xml/impex/services/2014-09-26">

    <service-credential service-credential-id="salesforce.connect.rest">
        <url>Replace with your URL eg. https://toto.my.salesforce.com/services/data/v61.0/einstein/prompt-templates</url>
        <user-id/>
    </service-credential>

    <service-credential service-credential-id="salesforce.oauth.cred">
        <url>Replace with your URL</url>
        <user-id>Replace with your username</user-id>
        <password masked="false">Replace with your password</password>
        <custom-attributes>
            <custom-attribute attribute-id="genAiClientId">Replace with your client ID</custom-attribute>
            <custom-attribute attribute-id="genAiClientSecret">Replace with your client secret</custom-attribute>
        </custom-attributes>
    </service-credential>

    <service-profile service-profile-id="salesforce.connect.rest">
        <timeout-millis>60000</timeout-millis>
        <rate-limit-enabled>false</rate-limit-enabled>
        <rate-limit-calls>0</rate-limit-calls>
        <rate-limit-millis>0</rate-limit-millis>
        <cb-enabled>true</cb-enabled>
        <cb-calls>0</cb-calls>
        <cb-millis>0</cb-millis>
    </service-profile>

    <service-profile service-profile-id="salesforce.oauth">
        <timeout-millis>20000</timeout-millis>
        <rate-limit-enabled>false</rate-limit-enabled>
        <rate-limit-calls>0</rate-limit-calls>
        <rate-limit-millis>0</rate-limit-millis>
        <cb-enabled>false</cb-enabled>
        <cb-calls>0</cb-calls>
        <cb-millis>0</cb-millis>
    </service-profile>

    <service service-id="salesforce.connect.rest">
        <service-type>HTTP</service-type>
        <enabled>true</enabled>
        <log-prefix>sf-connect-rest</log-prefix>
        <comm-log-enabled>true</comm-log-enabled>
        <force-prd-enabled>false</force-prd-enabled>
        <mock-mode-enabled>false</mock-mode-enabled>
        <profile-id>salesforce.connect.rest</profile-id>
        <credential-id>salesforce.connect.rest</credential-id>
    </service>

    <service service-id="salesforce.oauth">
        <service-type>HTTP</service-type>
        <enabled>true</enabled>
        <log-prefix>sf-oauth</log-prefix>
        <comm-log-enabled>true</comm-log-enabled>
        <force-prd-enabled>false</force-prd-enabled>
        <mock-mode-enabled>false</mock-mode-enabled>
        <profile-id>salesforce.oauth</profile-id>
        <credential-id>salesforce.oauth.cred</credential-id>
    </service>

</services>
