<?xml version="1.0" encoding="UTF-8"?>
<metadata xmlns="http://www.demandware.com/xml/impex/metadata/2006-10-31">

    <type-extension type-id="ServiceCredential">
        <custom-attribute-definitions>
            <attribute-definition attribute-id="genAiClientId">
                <display-name xml:lang="x-default">Gen AI Connected App Client ID</display-name>
                <type>string</type>
                <mandatory-flag>false</mandatory-flag>
                <externally-managed-flag>false</externally-managed-flag>
                <min-length>0</min-length>
            </attribute-definition>
            <attribute-definition attribute-id="genAiClientSecret">
                <display-name xml:lang="x-default">Gen AI Connected App Client Secret</display-name>
                <type>string</type>
                <mandatory-flag>false</mandatory-flag>
                <externally-managed-flag>false</externally-managed-flag>
                <min-length>0</min-length>
            </attribute-definition>
        <group-definitions>
            <attribute-group group-id="genAi">
                <display-name xml:lang="x-default">Gen AI</display-name>
                <attribute attribute-id="genAiClientId"/>
                <attribute attribute-id="genAiClientSecret"/>
            </attribute-group>
        </group-definitions>
    </type-extension>

    <type-extension type-id="SitePreferences">
        <custom-attribute-definitions>
            <attribute-definition attribute-id="promptBuilderTemplate">
                <display-name xml:lang="x-default">Prompt Builder Template API Name</display-name>
                <type>string</type>
                <mandatory-flag>false</mandatory-flag>
                <externally-managed-flag>false</externally-managed-flag>
                <min-length>0</min-length>
            </attribute-definition>
        </custom-attribute-definitions>
        <group-definitions>
            <attribute-group group-id="genAiFeatures">
                <display-name xml:lang="x-default">Gen AI Features</display-name>
                <attribute attribute-id="promptBuilderTemplate"/>
            </attribute-group>
        </group-definitions>
    </type-extension>

    <custom-type type-id="SFGenAIAuth">
        <staging-mode>no-staging</staging-mode>
        <storage-scope>organization</storage-scope>
        <key-definition attribute-id="siteId">
            <type>string</type>
            <min-length>0</min-length>
        </key-definition>
        <attribute-definitions>
            <attribute-definition attribute-id="accessToken">
                <type>string</type>
                <localizable-flag>false</localizable-flag>
                <mandatory-flag>false</mandatory-flag>
                <externally-managed-flag>false</externally-managed-flag>
                <min-length>0</min-length>
            </attribute-definition>
            <attribute-definition attribute-id="expirationTime">
                <type>string</type>
                <localizable-flag>false</localizable-flag>
                <mandatory-flag>false</mandatory-flag>
                <externally-managed-flag>false</externally-managed-flag>
                <min-length>0</min-length>
            </attribute-definition>
        </attribute-definitions>
        <group-definitions>
            <attribute-group group-id="grouping">
                <display-name xml:lang="x-default">grouping</display-name>
                <attribute attribute-id="siteId"/>
                <attribute attribute-id="expirationTime"/>
                <attribute attribute-id="accessToken"/>
            </attribute-group>
        </group-definitions>
    </custom-type>

</metadata>
